state,value,date
AL,3.936559139784946,2018-01-01
AL,6.502150537634408,2019-01-01
AL,13.539285714285715,2018-02-01
AL,12.298809523809524,2019-02-01
AL,12.101075268817205,2018-03-01
AL,11.73010752688172,2019-03-01
AL,14.918888888888889,2018-04-01
AL,17.45111111111111,2019-04-01
AL,22.975268817204302,2018-05-01
AL,22.81505376344086,2019-05-01
AL,25.563333333333333,2018-06-01
AL,24.491111111111113,2019-06-01
AL,26.066666666666666,2018-07-01
AL,26.116129032258065,2019-07-01
AL,25.503225806451614,2018-08-01
AL,26.120430107526882,2019-08-01
AL,25.227777777777774,2018-09-01
AL,26.188888888888886,2019-09-01
AL,18.553763440860212,2018-10-01
AL,18.629032258064516,2019-10-01
AL,8.996666666666666,2018-11-01
AL,9.526666666666667,2019-11-01
AL,8.316129032258065,2018-12-01
AL,9.780645161290321,2019-12-01
AZ,4.010752688172043,2018-01-01
AZ,1.5467741935483872,2019-01-01
AZ,6.891129032258065,2020-01-01
AZ,6.712903225806452,2021-01-01
AZ,7.300806451612903,2022-01-01
AZ,3.6505952380952382,2018-02-01
AZ,0.5315476190476189,2019-02-01
AZ,7.692241379310344,2020-02-01
AZ,8.5875,2021-02-01
AZ,7.711011904761905,2022-02-01
AZ,6.813978494623656,2018-03-01
AZ,6.70268817204301,2019-03-01
AZ,10.479569892473119,2020-03-01
AZ,10.860483870967743,2021-03-01
AZ,11.596774193548388,2022-03-01
AZ,13.251666666666667,2018-04-01
AZ,11.517777777777777,2019-04-01
AZ,15.19111111111111,2020-04-01
AZ,16.158333333333335,2021-04-01
AZ,17.39,2022-04-01
AZ,16.97204301075269,2018-05-01
AZ,11.583333333333332,2019-05-01
AZ,22.220967741935485,2020-05-01
AZ,13.316129032258065,2021-05-01
AZ,21.94193548387097,2022-05-01
AZ,23.313333333333333,2018-06-01
AZ,20.491666666666667,2019-06-01
AZ,25.70583333333333,2020-06-01
AZ,19.514814814814812,2021-06-01
AZ,26.010833333333334,2022-06-01
AZ,23.541935483870965,2018-07-01
AZ,23.596774193548388,2019-07-01
AZ,27.644354838709678,2020-07-01
AZ,19.787096774193547,2021-07-01
AZ,26.570967741935487,2022-07-01
AZ,22.424193548387095,2018-08-01
AZ,23.542473118279567,2019-08-01
AZ,28.219086021505376,2020-08-01
AZ,18.85483870967742,2021-08-01
AZ,24.131451612903227,2022-08-01
AZ,19.883333333333333,2018-09-01
AZ,18.816111111111113,2019-09-01
AZ,24.153333333333332,2020-09-01
AZ,16.38,2021-09-01
AZ,23.514166666666664,2022-09-01
AZ,10.463978494623655,2018-10-01
AZ,10.94247311827957,2019-10-01
AZ,19.16559139784946,2020-10-01
AZ,9.46,2021-10-01
AZ,16.11532258064516,2022-10-01
AZ,5.329444444444444,2018-11-01
AZ,6.320555555555556,2019-11-01
AZ,13.328055555555554,2020-11-01
AZ,6.966666666666667,2021-11-01
AZ,8.814444444444444,2022-11-01
AZ,1.913978494623656,2018-12-01
AZ,1.2532258064516129,2019-12-01
AZ,6.526612903225806,2020-12-01
AZ,2.7129032258064516,2021-12-01
AZ,6.922580645161291,2022-12-01
CA,10.344700460829493,2018-01-01
CA,9.534504608294931,2019-01-01
CA,5.348387096774194,2020-01-01
CA,5.14695340501792,2021-01-01
CA,6.449910394265233,2022-01-01
CA,9.359183673469389,2018-02-01
CA,5.947512755102041,2019-02-01
CA,6.595785440613026,2020-02-01
CA,5.464285714285714,2021-02-01
CA,5.772222222222223,2022-02-01
CA,9.880875576036868,2018-03-01
CA,9.741532258064517,2019-03-01
CA,4.371326164874552,2020-03-01
CA,5.01505376344086,2021-03-01
CA,8.212320788530466,2022-03-01
CA,13.033809523809525,2018-04-01
CA,14.00875,2019-04-01
CA,9.076666666666666,2020-04-01
CA,9.308518518518518,2021-04-01
CA,9.88125,2022-04-01
CA,15.17926267281106,2018-05-01
CA,13.37741935483871,2019-05-01
CA,14.23942652329749,2020-05-01
CA,5.651612903225806,2021-05-01
CA,13.14386200716846,2022-05-01
CA,20.18285714285714,2018-06-01
CA,19.636666666666667,2019-06-01
CA,17.399629629629633,2020-06-01
CA,13.41,2021-06-01
CA,18.99074074074074,2022-06-01
CA,24.9184331797235,2018-07-01
CA,22.495967741935484,2019-07-01
CA,21.655555555555555,2020-07-01
CA,17.358064516129033,2021-07-01
CA,22.231182795698924,2022-07-01
CA,22.917511520737328,2018-08-01
CA,23.351209677419355,2019-08-01
CA,22.949820788530467,2020-08-01
CA,14.287096774193548,2021-08-01
CA,22.824596774193548,2022-08-01
CA,20.52809523809524,2018-09-01
CA,20.44,2019-09-01
CA,20.84925925925926,2020-09-01
CA,10.43,2021-09-01
CA,20.352453703703702,2022-09-01
CA,16.51889400921659,2018-10-01
CA,16.95241935483871,2019-10-01
CA,16.43584229390681,2020-10-01
CA,3.7129032258064516,2021-10-01
CA,15.08534946236559,2022-10-01
CA,13.072380952380952,2018-11-01
CA,13.760059523809524,2019-11-01
CA,8.402962962962963,2020-11-01
CA,1.93,2021-11-01
CA,5.32037037037037,2022-11-01
CA,8.323118279569892,2018-12-01
CA,9.899539170506912,2019-12-01
CA,5.8523297491039425,2020-12-01
CA,-2.9838709677419355,2021-12-01
CA,4.127732974910394,2022-12-01
CO,-4.138709677419354,2018-01-01
CO,-6.740322580645161,2019-01-01
CO,-2.8129032258064517,2020-01-01
CO,-3.3752688172043013,2021-01-01
CO,-3.1408602150537632,2022-01-01
CO,-4.508928571428571,2018-02-01
CO,-6.799107142857143,2019-02-01
CO,-4.419540229885057,2020-02-01
CO,-3.8095238095238098,2021-02-01
CO,-5.175,2022-02-01
CO,-0.37016129032258066,2018-03-01
CO,-2.1314516129032257,2019-03-01
CO,2.063440860215054,2020-03-01
CO,-0.3526881720430108,2021-03-01
CO,-0.2129032258064516,2022-03-01
CO,4.0183333333333335,2018-04-01
CO,3.4975,2019-04-01
CO,3.65,2020-04-01
CO,3.051111111111111,2021-04-01
CO,4.54,2022-04-01
CO,9.893548387096773,2018-05-01
CO,4.856451612903226,2019-05-01
CO,10.435483870967742,2020-05-01
CO,6.54516129032258,2021-05-01
CO,8.975268817204302,2022-05-01
CO,15.548333333333334,2018-06-01
CO,11.715,2019-06-01
CO,15.243333333333334,2020-06-01
CO,13.7,2021-06-01
CO,14.973333333333333,2022-06-01
CO,17.036827956989246,2018-07-01
CO,16.179032258064517,2019-07-01
CO,17.216129032258067,2020-07-01
CO,15.180645161290323,2021-07-01
CO,17.33279569892473,2022-07-01
CO,15.271774193548387,2018-08-01
CO,15.825806451612904,2019-08-01
CO,18.11182795698925,2020-08-01
CO,13.274193548387096,2021-08-01
CO,15.780645161290321,2022-08-01
CO,12.775833333333333,2018-09-01
CO,12.470833333333333,2019-09-01
CO,12.037222222222223,2020-09-01
CO,10.370000000000001,2021-09-01
CO,13.818888888888889,2022-09-01
CO,3.745967741935484,2018-10-01
CO,1.7951612903225806,2019-10-01
CO,6.905913978494624,2020-10-01
CO,3.141935483870968,2021-10-01
CO,5.631182795698924,2022-10-01
CO,-3.5208333333333335,2018-11-01
CO,-0.9241666666666667,2019-11-01
CO,1.901111111111111,2020-11-01
CO,0.06333333333333337,2021-11-01
CO,-2.071111111111111,2022-11-01
CO,-6.816129032258065,2018-12-01
CO,-6.411290322580645,2019-12-01
CO,-3.8666666666666663,2020-12-01
CO,-4.348387096774194,2021-12-01
CO,-2.958064516129032,2022-12-01
DE,5.039285714285714,2018-02-01
DE,5.5,2019-03-01
DE,10.143333333333334,2018-04-01
DE,19.62258064516129,2018-05-01
DE,18.674193548387095,2019-05-01
DE,22.506666666666668,2018-06-01
DE,25.348387096774193,2018-07-01
DE,26.57741935483871,2019-07-01
DE,25.541935483870965,2018-08-01
DE,24.703225806451613,2019-08-01
DE,22.50714285714286,2018-09-01
DE,22.243333333333332,2019-09-01
DE,14.696774193548388,2018-10-01
DE,16.18709677419355,2019-10-01
DE,6.296666666666667,2019-11-01
DE,4.22258064516129,2018-12-01
DE,3.761290322580645,2019-12-01
GA,7.967741935483871,2018-01-01
GA,10.8,2019-01-01
GA,17.076785714285716,2018-02-01
GA,15.907142857142857,2019-02-01
GA,14.211290322580645,2018-03-01
GA,15.266129032258064,2019-03-01
GA,18.16,2018-04-01
GA,19.738333333333333,2019-04-01
GA,24.0741935483871,2018-05-01
GA,25.62741935483871,2019-05-01
GA,26.805,2018-06-01
GA,26.66166666666667,2019-06-01
GA,26.791935483870965,2018-07-01
GA,27.17258064516129,2019-07-01
GA,26.625806451612902,2018-08-01
GA,27.15967741935484,2019-08-01
GA,26.660000000000004,2018-09-01
GA,26.7,2019-09-01
GA,21.708064516129035,2018-10-01
GA,22.63064516129032,2019-10-01
GA,14.035,2018-11-01
GA,13.05,2019-11-01
GA,12.303225806451612,2018-12-01
GA,12.92741935483871,2019-12-01
ID,-1.4559907834101382,2018-01-01
ID,-3.6004608294930875,2019-01-01
ID,-1.3797067448680354,2020-01-01
ID,-1.7519061583577713,2021-01-01
ID,-3.349087650700554,2022-01-01
ID,-3.935204081632653,2018-02-01
ID,-5.514795918367347,2019-02-01
ID,-1.6094043887147336,2020-02-01
ID,-3.1623376623376624,2021-02-01
ID,-2.6909415584415584,2022-02-01
ID,-0.22396313364055298,2018-03-01
ID,-0.8986175115207372,2019-03-01
ID,1.9551319648093841,2020-03-01
ID,2.2697947214076244,2021-03-01
ID,3.0595307917888563,2022-03-01
ID,4.789761904761905,2018-04-01
ID,4.868095238095238,2019-04-01
ID,6.101212121212121,2020-04-01
ID,6.313878787878788,2021-04-01
ID,3.1127272727272723,2022-04-01
ID,10.65184331797235,2018-05-01
ID,8.402534562211983,2019-05-01
ID,10.811730205278593,2020-05-01
ID,9.892258064516128,2021-05-01
ID,8.166862170087976,2022-05-01
ID,13.489285714285712,2018-06-01
ID,13.05,2019-06-01
ID,13.984121212121211,2020-06-01
ID,18.35,2021-06-01
ID,14.567757575757575,2022-06-01
ID,19.980875576036865,2018-07-01
ID,17.911892945763913,2019-07-01
ID,19.10208211143695,2020-07-01
ID,22.098709677419357,2021-07-01
ID,21.615395894428154,2022-07-01
ID,17.60990783410138,2018-08-01
ID,18.137096774193548,2019-08-01
ID,19.947243401759533,2020-08-01
ID,17.9741935483871,2021-08-01
ID,21.529618768328444,2022-08-01
ID,12.715,2018-09-01
ID,11.44415750915751,2019-09-01
ID,15.534242424242425,2020-09-01
ID,13.844666666666665,2021-09-01
ID,16.155848484848484,2022-09-01
ID,5.759677419354838,2018-10-01
ID,1.6106345267635591,2019-10-01
ID,7.582404692082111,2020-10-01
ID,6.888387096774193,2021-10-01
ID,9.663870967741936,2022-10-01
ID,-0.8635714285714287,2018-11-01
ID,0.636904761904762,2019-11-01
ID,0.745151515151515,2020-11-01
ID,2.424666666666667,2021-11-01
ID,-2.722969696969697,2022-11-01
ID,-4.957834101382489,2018-12-01
ID,-3.8282523927685217,2019-12-01
ID,-2.067155425219941,2020-12-01
ID,-3.114193548387097,2021-12-01
ID,-4.418181818181818,2022-12-01
KS,0.7806451612903226,2020-01-01
KS,1.4870967741935484,2021-01-01
KS,-1.2483870967741937,2022-01-01
KS,1.8310344827586205,2020-02-01
KS,-4.0285714285714285,2021-02-01
KS,0.3678571428571429,2022-02-01
KS,8.741935483870968,2020-03-01
KS,9.329032258064515,2021-03-01
KS,6.829032258064516,2022-03-01
KS,11.96,2020-04-01
KS,10.033333333333333,2021-04-01
KS,13.52,2022-04-01
KS,16.845161290322583,2020-05-01
KS,10.64,2022-05-01
KS,25.776666666666664,2020-06-01
KS,25.351724137931036,2022-06-01
KS,25.9,2020-07-01
KS,27.65806451612903,2022-07-01
KS,24.17096774193548,2020-08-01
KS,26.641935483870967,2022-08-01
KS,18.983333333333334,2020-09-01
KS,22.323333333333334,2022-09-01
KS,11.59032258064516,2020-10-01
KS,14.083870967741936,2022-10-01
KS,8.42,2020-11-01
KS,4.933333333333334,2022-11-01
KS,1.961290322580645,2020-12-01
KS,-0.4387096774193549,2022-12-01
KY,0.6000000000000001,2018-01-01
KY,2.883870967741936,2019-01-01
KY,5.87741935483871,2020-01-01
KY,3.1129032258064515,2021-01-01
KY,0.8741935483870967,2022-01-01
KY,7.292857142857143,2018-02-01
KY,6.796428571428572,2019-02-01
KY,5.610344827586206,2020-02-01
KY,3.064285714285714,2021-02-01
KY,4.875,2022-02-01
KY,9.825806451612904,2018-03-01
KY,7.890322580645161,2019-03-01
KY,11.899999999999999,2020-03-01
KY,10.480645161290322,2021-03-01
KY,10.016129032258064,2022-03-01
KY,12.583333333333334,2018-04-01
KY,15.876666666666667,2019-04-01
KY,11.966666666666667,2020-04-01
KY,11.25,2021-04-01
KY,13.389999999999999,2022-04-01
KY,24.151612903225807,2018-05-01
KY,20.780645161290323,2019-05-01
KY,16.58709677419355,2020-05-01
KY,19.835483870967742,2022-05-01
KY,26.48,2018-06-01
KY,23.166666666666668,2019-06-01
KY,21.77333333333333,2020-06-01
KY,23.203333333333333,2022-06-01
KY,26.712903225806453,2018-07-01
KY,25.416129032258063,2019-07-01
KY,25.022727272727273,2020-07-01
KY,24.574193548387097,2022-07-01
KY,25.193548387096776,2018-08-01
KY,24.858064516129033,2019-08-01
KY,23.845,2020-08-01
KY,23.229032258064517,2022-08-01
KY,23.066666666666666,2018-09-01
KY,24.62666666666667,2019-09-01
KY,19.59,2020-09-01
KY,18.483333333333334,2022-09-01
KY,15.383870967741935,2018-10-01
KY,15.264516129032257,2019-10-01
KY,14.94516129032258,2020-10-01
KY,11.209677419354838,2022-10-01
KY,6.173333333333333,2018-11-01
KY,5.95,2019-11-01
KY,9.453333333333335,2020-11-01
KY,8.373333333333333,2022-11-01
KY,5.790322580645161,2018-12-01
KY,6.906451612903226,2019-12-01
KY,3.329032258064516,2020-12-01
KY,4.206451612903226,2022-12-01
LA,6.768817204301075,2018-01-01
LA,9.220430107526882,2019-01-01
LA,14.26774193548387,2020-01-01
LA,11.212903225806452,2021-01-01
LA,10.038709677419355,2022-01-01
LA,16.047619047619047,2018-02-01
LA,14.385714285714286,2019-02-01
LA,14.089655172413794,2020-02-01
LA,10.710714285714285,2021-02-01
LA,11.217857142857143,2022-02-01
LA,16.386021505376345,2018-03-01
LA,14.465591397849462,2019-03-01
LA,21.12258064516129,2020-03-01
LA,18.338709677419356,2021-03-01
LA,15.53225806451613,2022-03-01
LA,17.084444444444443,2018-04-01
LA,18.56111111111111,2019-04-01
LA,20.176666666666666,2020-04-01
LA,20.470000000000002,2021-04-01
LA,20.716666666666665,2022-04-01
LA,24.98494623655914,2018-05-01
LA,24.226881720430107,2019-05-01
LA,23.20967741935484,2020-05-01
LA,23.677419354838708,2021-05-01
LA,25.361290322580647,2022-05-01
LA,27.297777777777775,2018-06-01
LA,26.297777777777775,2019-06-01
LA,26.323333333333334,2020-06-01
LA,27.346666666666668,2021-06-01
LA,27.720000000000002,2022-06-01
LA,27.57956989247312,2018-07-01
LA,26.79569892473118,2019-07-01
LA,27.661290322580644,2020-07-01
LA,27.81935483870968,2021-07-01
LA,27.961290322580645,2022-07-01
LA,26.77311827956989,2018-08-01
LA,27.75483870967742,2019-08-01
LA,27.762962962962963,2020-08-01
LA,28.112903225806452,2021-08-01
LA,26.780645161290323,2022-08-01
LA,25.725555555555555,2018-09-01
LA,26.76111111111111,2019-09-01
LA,25.1,2020-09-01
LA,25.276666666666664,2021-09-01
LA,25.273333333333333,2022-09-01
LA,20.88494623655914,2018-10-01
LA,19.887096774193548,2019-10-01
LA,20.748387096774195,2020-10-01
LA,22.825806451612905,2021-10-01
LA,19.458064516129035,2022-10-01
LA,12.206111111111111,2018-11-01
LA,12.3,2019-11-01
LA,17.363333333333333,2020-11-01
LA,14.51,2021-11-01
LA,14.886666666666667,2022-11-01
LA,11.167741935483871,2018-12-01
LA,11.720430107526882,2019-12-01
LA,11.319354838709677,2020-12-01
LA,17.54516129032258,2021-12-01
LA,12.838709677419354,2022-12-01
MD,0.04838709677419349,2018-01-01
MD,1.1548387096774193,2019-01-01
MD,4.893548387096774,2020-01-01
MD,2.5935483870967744,2021-01-01
MD,0.2774193548387097,2022-01-01
MD,5.507142857142857,2018-02-01
MD,3.142857142857143,2019-02-01
MD,5.548275862068966,2020-02-01
MD,2.085714285714286,2021-02-01
MD,4.525,2022-02-01
MD,4.532258064516129,2018-03-01
MD,6.341935483870968,2019-03-01
MD,10.361290322580645,2020-03-01
MD,9.548387096774194,2021-03-01
MD,9.12258064516129,2022-03-01
MD,10.953333333333335,2018-04-01
MD,15.053333333333335,2019-04-01
MD,11.8,2020-04-01
MD,13.863333333333335,2021-04-01
MD,12.860000000000001,2022-04-01
MD,20.83225806451613,2018-05-01
MD,20.09032258064516,2019-05-01
MD,16.9,2020-05-01
MD,18.019354838709678,2021-05-01
MD,19.20967741935484,2022-05-01
MD,22.706666666666667,2018-06-01
MD,23.973333333333336,2019-06-01
MD,24.009999999999998,2020-06-01
MD,24.283333333333335,2021-06-01
MD,23.69,2022-06-01
MD,25.419354838709676,2018-07-01
MD,27.016129032258064,2019-07-01
MD,27.81935483870968,2020-07-01
MD,26.567741935483873,2021-07-01
MD,26.729032258064517,2022-07-01
MD,25.370967741935484,2018-08-01
MD,25.274193548387096,2019-08-01
MD,25.53548387096774,2020-08-01
MD,26.11935483870968,2021-08-01
MD,25.825806451612905,2022-08-01
MD,22.46333333333333,2018-09-01
MD,23.34333333333333,2019-09-01
MD,20.493333333333332,2020-09-01
MD,22.116666666666667,2021-09-01
MD,21.436666666666667,2022-09-01
MD,15.087096774193547,2018-10-01
MD,16.883870967741935,2019-10-01
MD,15.306451612903226,2020-10-01
MD,18.093548387096774,2021-10-01
MD,13.40967741935484,2022-10-01
MD,6.623333333333333,2018-11-01
MD,6.803333333333333,2019-11-01
MD,11.360000000000001,2020-11-01
MD,7.79,2021-11-01
MD,10.313333333333333,2022-11-01
MD,4.464516129032258,2018-12-01
MD,4.367741935483871,2019-12-01
MD,4.316129032258065,2020-12-01
MD,7.616129032258065,2021-12-01
MD,3.2580645161290325,2022-12-01
ME,-4.909677419354838,2020-01-01
ME,-4.064516129032258,2021-01-01
ME,-8.761290322580646,2022-01-01
ME,-3.7551724137931037,2020-02-01
ME,-4.653571428571429,2021-02-01
ME,-4.214285714285714,2022-02-01
ME,0.6580645161290322,2020-03-01
ME,0.2935483870967743,2021-03-01
ME,0.48387096774193555,2022-03-01
ME,4.33,2020-04-01
ME,6.704166666666667,2021-04-01
ME,5.963333333333334,2022-04-01
ME,11.206451612903225,2020-05-01
ME,12.887096774193548,2022-05-01
ME,17.616666666666667,2020-06-01
ME,16.24,2022-06-01
ME,20.13225806451613,2020-07-01
ME,21.229032258064517,2022-07-01
ME,19.919354838709676,2020-08-01
ME,20.351612903225806,2022-08-01
ME,14.686666666666667,2020-09-01
ME,15.093333333333334,2022-09-01
ME,8.241935483870968,2020-10-01
ME,10.580645161290322,2022-10-01
ME,4.989999999999999,2020-11-01
ME,4.373333333333333,2022-11-01
ME,-0.5419354838709678,2020-12-01
ME,-0.7903225806451614,2022-12-01
MI,-2.864516129032258,2020-01-01
MI,-3.870967741935484,2021-01-01
MI,-9.151612903225805,2022-01-01
MI,-5.413793103448276,2020-02-01
MI,-8.203571428571427,2021-02-01
MI,-7.205357142857143,2022-02-01
MI,1.032258064516129,2020-03-01
MI,1.441935483870968,2021-03-01
MI,-1.7548387096774194,2022-03-01
MI,3.691666666666667,2020-04-01
MI,6.483333333333333,2021-04-01
MI,4.1883333333333335,2022-04-01
MI,11.580645161290322,2020-05-01
MI,14.125806451612904,2022-05-01
MI,18.266666666666666,2020-06-01
MI,17.301666666666666,2022-06-01
MI,21.938709677419357,2020-07-01
MI,20.00161290322581,2022-07-01
MI,19.624193548387098,2020-08-01
MI,19.414516129032258,2022-08-01
MI,13.588333333333333,2020-09-01
MI,15.071666666666665,2022-09-01
MI,5.469354838709678,2020-10-01
MI,8.001612903225807,2022-10-01
MI,4.065,2020-11-01
MI,2.86,2022-11-01
MI,-1.946774193548387,2020-12-01
MI,-2.8193548387096774,2022-12-01
MN,-10.458064516129031,2020-01-01
MN,-8.535483870967743,2021-01-01
MN,-17.164516129032258,2022-01-01
MN,-10.9,2020-02-01
MN,-15.446428571428571,2021-02-01
MN,-16.257142857142856,2022-02-01
MN,-1.4129032258064518,2020-03-01
MN,0.9612903225806453,2021-03-01
MN,-4.4,2022-03-01
MN,2.9,2020-04-01
MN,4.408333333333333,2021-04-01
MN,1.1400000000000001,2022-04-01
MN,11.303225806451612,2020-05-01
MN,11.925806451612903,2022-05-01
MN,18.48,2020-06-01
MN,17.313333333333333,2022-06-01
MN,20.80322580645161,2020-07-01
MN,19.52258064516129,2022-07-01
MN,18.783870967741933,2020-08-01
MN,18.858064516129033,2022-08-01
MN,11.666666666666666,2020-09-01
MN,13.773333333333333,2022-09-01
MN,2.4838709677419355,2020-10-01
MN,6.870967741935484,2022-10-01
MN,-0.02333333333333331,2020-11-01
MN,-2.2199999999999998,2022-11-01
MN,-7.596774193548387,2020-12-01
MN,-11.380645161290323,2022-12-01
MO,-1.3112903225806452,2018-01-01
MO,-0.9741935483870968,2019-01-01
MO,3.1774193548387095,2020-01-01
MO,2.1806451612903226,2021-01-01
MO,0.2903225806451613,2022-01-01
MO,2.757142857142857,2018-02-01
MO,0.8339285714285714,2019-02-01
MO,3.5344827586206895,2020-02-01
MO,-2.3892857142857147,2021-02-01
MO,2.092857142857143,2022-02-01
MO,6.199999999999999,2018-03-01
MO,5.67741935483871,2019-03-01
MO,10.97741935483871,2020-03-01
MO,10.941935483870967,2021-03-01
MO,8.670967741935485,2022-03-01
MO,9.696666666666665,2018-04-01
MO,14.445,2019-04-01
MO,12.68,2020-04-01
MO,11.6625,2021-04-01
MO,13.373333333333333,2022-04-01
MO,23.61935483870968,2018-05-01
MO,19.233870967741936,2019-05-01
MO,17.03548387096774,2020-05-01
MO,19.338709677419356,2022-05-01
MO,26.251666666666665,2018-06-01
MO,23.328333333333333,2019-06-01
MO,24.753333333333334,2020-06-01
MO,24.866666666666667,2022-06-01
MO,26.39516129032258,2018-07-01
MO,26.491935483870968,2019-07-01
MO,26.37741935483871,2020-07-01
MO,28.283870967741933,2022-07-01
MO,25.885483870967743,2018-08-01
MO,24.93064516129032,2019-08-01
MO,24.22258064516129,2020-08-01
MO,25.806451612903224,2022-08-01
MO,23.096666666666668,2018-09-01
MO,24.621666666666666,2019-09-01
MO,20.476666666666667,2020-09-01
MO,21.709999999999997,2022-09-01
MO,14.714516129032258,2018-10-01
MO,13.093548387096773,2019-10-01
MO,13.319354838709678,2020-10-01
MO,15.051612903225807,2022-10-01
MO,3.003333333333333,2018-11-01
MO,5.113333333333333,2019-11-01
MO,10.626666666666667,2020-11-01
MO,7.556666666666667,2022-11-01
MO,3.1951612903225803,2018-12-01
MO,3.867741935483871,2019-12-01
MO,4.035483870967742,2020-12-01
MO,2.6225806451612903,2022-12-01
MS,6.97741935483871,2018-01-01
MS,9.709677419354838,2019-01-01
MS,7.135483870967741,2022-01-01
MS,17.321428571428573,2018-02-01
MS,16.826785714285716,2019-02-01
MS,11.086206896551724,2020-02-01
MS,7.257142857142857,2021-02-01
MS,9.603571428571428,2022-02-01
MS,15.64516129032258,2018-03-01
MS,15.491935483870968,2019-03-01
MS,16.164516129032258,2021-03-01
MS,13.938709677419356,2022-03-01
MS,17.325,2018-04-01
MS,19.225,2019-04-01
MS,17.77,2020-04-01
MS,17.3,2021-04-01
MS,18.263333333333332,2022-04-01
MS,24.574193548387097,2018-05-01
MS,24.385483870967743,2019-05-01
MS,21.683870967741935,2020-05-01
MS,21.893548387096775,2021-05-01
MS,24.061290322580643,2022-05-01
MS,27.14333333333333,2018-06-01
MS,26.553333333333335,2019-06-01
MS,26.243333333333332,2021-06-01
MS,27.086666666666666,2022-06-01
MS,27.238709677419354,2018-07-01
MS,27.075806451612905,2019-07-01
MS,27.651612903225807,2020-07-01
MS,26.961290322580645,2021-07-01
MS,27.55483870967742,2022-07-01
MS,26.52258064516129,2018-08-01
MS,27.082258064516132,2019-08-01
MS,26.75483870967742,2020-08-01
MS,27.041935483870965,2021-08-01
MS,26.041935483870965,2022-08-01
MS,26.28166666666667,2018-09-01
MS,26.823333333333334,2019-09-01
MS,24.736666666666668,2020-09-01
MS,23.873333333333335,2021-09-01
MS,23.66,2022-09-01
MS,21.729032258064517,2018-10-01
MS,20.96451612903226,2019-10-01
MS,19.309677419354838,2020-10-01
MS,20.503225806451614,2021-10-01
MS,17.948387096774194,2022-10-01
MS,11.521666666666667,2018-11-01
MS,11.971666666666666,2019-11-01
MS,15.153333333333334,2020-11-01
MS,11.713333333333333,2021-11-01
MS,13.513333333333332,2022-11-01
MS,11.751612903225807,2018-12-01
MS,12.233870967741936,2019-12-01
MS,8.899999999999999,2020-12-01
MS,15.380645161290323,2021-12-01
MS,11.25483870967742,2022-12-01
MT,-3.4640198511166256,2018-01-01
MT,-3.539619520264681,2019-01-01
MT,-3.7436559139784946,2020-01-01
MT,-2.88963133640553,2021-01-01
MT,-3.7930875576036867,2022-01-01
MT,-9.149450549450549,2018-02-01
MT,-12.342582417582419,2019-02-01
MT,-3.9979310344827583,2020-02-01
MT,-8.990561224489797,2021-02-01
MT,-5.093504709576138,2022-02-01
MT,-1.3225806451612903,2018-03-01
MT,-3.3511166253101736,2019-03-01
MT,-1.5793548387096774,2020-03-01
MT,0.8283410138248849,2021-03-01
MT,0.37022332506203487,2022-03-01
MT,2.7574358974358972,2018-04-01
MT,3.9225641025641025,2019-04-01
MT,2.1164444444444444,2020-04-01
MT,2.9902380952380954,2021-04-01
MT,0.31642857142857145,2022-04-01
MT,11.001985111662531,2018-05-01
MT,7.962779156327543,2019-05-01
MT,7.953763440860215,2020-05-01
MT,6.1981566820276495,2021-05-01
MT,6.879953917050692,2022-05-01
MT,12.801538461538462,2018-06-01
MT,12.912179487179486,2019-06-01
MT,12.21,2020-06-01
MT,15.569047619047618,2021-06-01
MT,12.664047619047619,2022-06-01
MT,17.585359801488835,2018-07-01
MT,16.1601323407775,2019-07-01
MT,16.580860215053765,2020-07-01
MT,19.443010752688174,2021-07-01
MT,18.904147465437788,2022-07-01
MT,16.126654259718777,2018-08-01
MT,15.975930521091811,2019-08-01
MT,17.610015360983102,2020-08-01
MT,14.998387096774193,2021-08-01
MT,19.284615384615382,2022-08-01
MT,9.90111111111111,2018-09-01
MT,10.66,2019-09-01
MT,12.497777777777777,2020-09-01
MT,12.411904761904761,2021-09-01
MT,14.121300366300368,2022-09-01
MT,3.9349048800661706,2018-10-01
MT,0.8200992555831266,2019-10-01
MT,3.5099870022450665,2020-10-01
MT,5.445161290322581,2021-10-01
MT,7.050000000000001,2022-10-01
MT,-1.2625641025641026,2018-11-01
MT,-1.781794871794872,2019-11-01
MT,0.2575091575091574,2020-11-01
MT,2.1019047619047617,2021-11-01
MT,-5.222619047619047,2022-11-01
MT,-4.041935483870968,2018-12-01
MT,-2.7900744416873446,2019-12-01
MT,-2.052073732718894,2020-12-01
MT,-5.215668202764977,2021-12-01
MT,-7.481797235023041,2022-12-01
NC,3.443548387096774,2018-01-01
NC,6.251612903225807,2019-01-01
NC,7.218548387096774,2020-01-01
NC,4.649193548387097,2021-01-01
NC,3.2935483870967746,2022-01-01
NC,12.237499999999999,2018-02-01
NC,9.998214285714285,2019-02-01
NC,8.13706896551724,2020-02-01
NC,5.7508928571428575,2021-02-01
NC,7.714285714285714,2022-02-01
NC,8.64516129032258,2018-03-01
NC,10.44516129032258,2019-03-01
NC,13.412903225806453,2020-03-01
NC,11.84274193548387,2021-03-01
NC,12.046774193548387,2022-03-01
NC,14.783333333333333,2018-04-01
NC,17.238333333333333,2019-04-01
NC,14.410833333333333,2020-04-01
NC,13.835416666666667,2021-04-01
NC,14.9,2022-04-01
NC,22.50161290322581,2018-05-01
NC,22.87258064516129,2019-05-01
NC,17.455645161290324,2020-05-01
NC,20.356451612903225,2022-05-01
NC,25.543333333333333,2018-06-01
NC,24.081666666666667,2019-06-01
NC,22.426666666666666,2020-06-01
NC,23.385833333333334,2022-06-01
NC,25.287096774193547,2018-07-01
NC,26.36774193548387,2019-07-01
NC,25.306451612903224,2020-07-01
NC,25.11209677419355,2022-07-01
NC,25.703225806451613,2018-08-01
NC,24.96451612903226,2019-08-01
NC,24.24274193548387,2020-08-01
NC,23.628225806451614,2022-08-01
NC,24.641666666666666,2018-09-01
NC,23.993333333333332,2019-09-01
NC,20.368333333333332,2020-09-01
NC,20.19,2022-09-01
NC,17.298387096774192,2018-10-01
NC,18.648387096774194,2019-10-01
NC,16.491935483870968,2020-10-01
NC,13.563709677419356,2022-10-01
NC,10.504999999999999,2018-11-01
NC,8.776666666666667,2019-11-01
NC,12.151666666666667,2020-11-01
NC,11.1075,2022-11-01
NC,8.45483870967742,2018-12-01
NC,8.916129032258064,2019-12-01
NC,5.351612903225806,2020-12-01
NC,5.130645161290323,2022-12-01
ND,-10.983870967741936,2018-01-01
ND,-7.65625,2019-01-01
ND,-5.990322580645161,2020-01-01
ND,-2.861290322580645,2021-01-01
ND,-5.993548387096775,2022-01-01
ND,-13.103571428571428,2018-02-01
ND,-17.259090909090908,2019-02-01
ND,-3.555172413793103,2020-02-01
ND,-11.417857142857143,2021-02-01
ND,-6.846428571428571,2022-02-01
ND,-2.435483870967742,2018-03-01
ND,-5.97741935483871,2019-03-01
ND,1.1193548387096772,2020-03-01
ND,3.393548387096774,2021-03-01
ND,-0.048387096774193575,2022-03-01
ND,1.8633333333333335,2018-04-01
ND,6.126666666666666,2019-04-01
ND,4.246666666666667,2020-04-01
ND,4.895833333333333,2021-04-01
ND,1.7566666666666668,2022-04-01
ND,17.719354838709677,2018-05-01
ND,11.658064516129032,2019-05-01
ND,12.138709677419355,2020-05-01
ND,11.516129032258064,2022-05-01
ND,21.373333333333335,2018-06-01
ND,19.346666666666668,2019-06-01
ND,19.18,2020-06-01
ND,17.466666666666665,2022-06-01
ND,21.751612903225805,2018-07-01
ND,22.187096774193545,2019-07-01
ND,21.967741935483872,2020-07-01
ND,22.664516129032258,2022-07-01
ND,19.94193548387097,2018-08-01
ND,19.096774193548388,2019-08-01
ND,22.358064516129033,2020-08-01
ND,22.738709677419354,2022-08-01
ND,14.696666666666665,2018-09-01
ND,16.07,2019-09-01
ND,14.933333333333334,2020-09-01
ND,17.279999999999998,2022-09-01
ND,4.629032258064516,2018-10-01
ND,4.696774193548387,2019-10-01
ND,4.077419354838709,2020-10-01
ND,8.59032258064516,2022-10-01
ND,-4.823333333333334,2018-11-01
ND,-1.9933333333333332,2019-11-01
ND,2.11,2020-11-01
ND,-4.04,2022-11-01
ND,-5.472413793103448,2018-12-01
ND,-9.196774193548388,2019-12-01
ND,-1.6483870967741936,2020-12-01
ND,-11.196774193548388,2022-12-01
NM,-0.7629032258064516,2020-01-01
NM,-0.9387096774193547,2021-01-01
NM,-0.30322580645161284,2022-01-01
NM,0.02413793103448278,2020-02-01
NM,-0.2071428571428571,2021-02-01
NM,-0.8250000000000001,2022-02-01
NM,3.3951612903225805,2020-03-01
NM,2.1806451612903226,2021-03-01
NM,2.9096774193548387,2022-03-01
NM,7.595,2020-04-01
NM,7.27,2021-04-01
NM,8.056666666666667,2022-04-01
NM,13.2,2020-05-01
NM,11.86774193548387,2021-05-01
NM,13.046774193548387,2022-05-01
NM,16.12333333333333,2020-06-01
NM,16.69666666666667,2021-06-01
NM,15.826666666666666,2022-06-01
NM,17.529032258064515,2020-07-01
NM,15.993548387096775,2021-07-01
NM,16.951612903225808,2022-07-01
NM,17.81612903225807,2020-08-01
NM,15.685483870967742,2021-08-01
NM,14.92741935483871,2022-08-01
NM,13.638333333333332,2020-09-01
NM,14.473333333333333,2021-09-01
NM,13.918333333333333,2022-09-01
NM,10.783870967741937,2020-10-01
NM,8.166129032258064,2021-10-01
NM,6.833870967741936,2022-10-01
NM,4.7,2020-11-01
NM,6.096666666666667,2021-11-01
NM,0.8733333333333334,2022-11-01
NM,-0.9387096774193547,2020-12-01
NM,1.535483870967742,2021-12-01
NM,-0.2919354838709677,2022-12-01
NS,-3.5612903225806454,2018-01-01
NS,-4.080645161290323,2019-01-01
NS,-2.7339720942140295,2020-01-01
NS,-1.4559651817716335,2021-01-01
NS,-3.6740207373271887,2022-01-01
NS,-0.29642857142857143,2018-02-01
NS,-5.760714285714286,2019-02-01
NS,-2.9170087575259993,2020-02-01
NS,-2.5166950113378688,2021-02-01
NS,-2.9520337301587305,2022-02-01
NS,1.1290322580645162,2018-03-01
NS,-1.1096774193548387,2019-03-01
NS,-0.00026881720430106,2020-03-01
NS,0.26210957501280086,2021-03-01
NS,0.4151689708141321,2022-03-01
NS,4.069999999999999,2018-04-01
NS,5.03,2019-04-01
NS,3.3926322751322755,2020-04-01
NS,5.564146825396825,2021-04-01
NS,4.655436507936509,2022-04-01
NS,10.738709677419356,2018-05-01
NS,7.896774193548388,2019-05-01
NS,8.012596006144394,2020-05-01
NS,8.824014336917562,2021-05-01
NS,9.50992703533026,2022-05-01
NS,13.860000000000001,2018-06-01
NS,14.448275862068966,2019-06-01
NS,14.104325396825397,2020-06-01
NS,15.483313492063493,2021-06-01
NS,14.14827380952381,2022-06-01
NS,21.003225806451614,2018-07-01
NS,19.733870967741936,2019-07-01
NS,18.344079621095748,2020-07-01
NS,16.977867383512542,2021-07-01
NS,18.207891705069123,2022-07-01
NS,21.42258064516129,2018-08-01
NS,19.74516129032258,2019-08-01
NS,18.616884280593958,2020-08-01
NS,19.01536098310292,2021-08-01
NS,19.936424731182797,2022-08-01
NS,16.266666666666666,2018-09-01
NS,15.453333333333335,2019-09-01
NS,15.047956349206348,2020-09-01
NS,15.982003968253968,2021-09-01
NS,15.78611111111111,2022-09-01
NS,8.506451612903225,2018-10-01
NS,10.801612903225807,2019-10-01
NS,9.772113415258575,2020-10-01
NS,11.18433819764465,2021-10-01
NS,11.93252688172043,2022-10-01
NS,3.0833333333333335,2018-11-01
NS,5.1066666666666665,2019-11-01
NS,5.8192791005291005,2020-11-01
NS,5.4623544973544975,2021-11-01
NS,5.962314814814815,2022-11-01
NS,-3.206451612903226,2018-12-01
NS,0.42580645161290326,2019-12-01
NS,2.6122887864823348,2020-12-01
NS,0.22772017409114184,2021-12-01
NS,1.9049347158218124,2022-12-01
NV,1.6468817204301076,2018-01-01
NV,-1.015268817204301,2019-01-01
NV,1.3266129032258065,2020-01-01
NV,0.6383064516129032,2021-01-01
NV,1.0870391705069125,2022-01-01
NV,-1.860238095238095,2018-02-01
NV,-3.798418367346939,2019-02-01
NV,1.6306650246305419,2020-02-01
NV,1.0539540816326531,2021-02-01
NV,0.8714285714285713,2022-02-01
NV,0.9245161290322581,2018-03-01
NV,0.9415207373271889,2019-03-01
NV,3.5212557603686636,2020-03-01
NV,3.191532258064516,2021-03-01
NV,5.47741935483871,2022-03-01
NV,6.607555555555555,2018-04-01
NV,6.401333333333333,2019-04-01
NV,8.37,2020-04-01
NV,8.805138888888887,2021-04-01
NV,7.373333333333333,2022-04-01
NV,10.694408602150537,2018-05-01
NV,7.563440860215054,2019-05-01
NV,13.685483870967742,2020-05-01
NV,12.589247311827956,2021-05-01
NV,11.206854838709678,2022-05-01
NV,16.44222222222222,2018-06-01
NV,14.38,2019-06-01
NV,16.9775,2020-06-01
NV,21.005555555555553,2021-06-01
NV,18.259166666666665,2022-06-01
NV,21.41290322580645,2018-07-01
NV,19.476774193548387,2019-07-01
NV,22.434274193548386,2020-07-01
NV,23.417204301075266,2021-07-01
NV,23.413306451612904,2022-07-01
NV,19.57720430107527,2018-08-01
NV,19.797388632872504,2019-08-01
NV,23.14959677419355,2020-08-01
NV,20.91344086021505,2021-08-01
NV,21.87741935483871,2022-08-01
NV,15.295333333333334,2018-09-01
NV,12.934,2019-09-01
NV,18.408333333333335,2020-09-01
NV,17.35,2021-09-01
NV,18.604583333333334,2022-09-01
NV,6.8043010752688176,2018-10-01
NV,4.83741935483871,2019-10-01
NV,12.172580645161291,2020-10-01
NV,8.658064516129032,2021-10-01
NV,11.537096774193548,2022-10-01
NV,1.6308888888888888,2018-11-01
NV,3.1105555555555555,2019-11-01
NV,3.9924999999999997,2020-11-01
NV,6.825555555555556,2021-11-01
NV,0.5329166666666667,2022-11-01
NV,-2.3230107526881723,2018-12-01
NV,-1.3283870967741935,2019-12-01
NV,0.4173387096774194,2020-12-01
NV,0.5284946236559139,2021-12-01
NV,-0.4810483870967742,2022-12-01
NY,-2.920967741935484,2018-01-01
NY,-2.303225806451613,2019-01-01
NY,-3.1516129032258067,2020-01-01
NY,-4.77741935483871,2021-01-01
NY,-8.448387096774193,2022-01-01
NY,2.057142857142857,2018-02-01
NY,-0.19999999999999993,2019-02-01
NY,-3.6655172413793102,2020-02-01
NY,-5.0,2021-02-01
NY,-4.239285714285715,2022-02-01
NY,1.738709677419355,2018-03-01
NY,2.2887096774193547,2019-03-01
NY,2.9129032258064513,2020-03-01
NY,1.5935483870967742,2021-03-01
NY,1.032258064516129,2022-03-01
NY,6.221666666666667,2018-04-01
NY,9.79,2019-04-01
NY,6.316666666666666,2020-04-01
NY,8.31,2021-04-01
NY,7.326666666666667,2022-04-01
NY,17.133870967741935,2018-05-01
NY,14.961290322580645,2019-05-01
NY,13.703225806451613,2020-05-01
NY,13.651612903225805,2021-05-01
NY,15.64516129032258,2022-05-01
NY,19.451666666666664,2018-06-01
NY,19.706666666666667,2019-06-01
NY,19.233333333333334,2020-06-01
NY,20.2,2021-06-01
NY,18.38,2022-06-01
NY,23.038709677419355,2018-07-01
NY,24.017741935483873,2019-07-01
NY,22.89032258064516,2020-07-01
NY,19.848387096774193,2021-07-01
NY,21.593548387096774,2022-07-01
NY,23.41774193548387,2018-08-01
NY,21.54032258064516,2019-08-01
NY,20.106451612903225,2020-08-01
NY,21.612903225806452,2021-08-01
NY,21.44193548387097,2022-08-01
NY,19.709999999999997,2018-09-01
NY,18.386666666666667,2019-09-01
NY,15.053333333333335,2020-09-01
NY,16.456666666666667,2021-09-01
NY,15.33,2022-09-01
NY,11.96774193548387,2018-10-01
NY,12.764516129032257,2019-10-01
NY,9.364516129032259,2020-10-01
NY,11.958064516129031,2021-10-01
NY,8.832258064516129,2022-10-01
NY,4.29,2018-11-01
NY,3.815,2019-11-01
NY,4.6033333333333335,2020-11-01
NY,2.08,2021-11-01
NY,5.236666666666666,2022-11-01
NY,2.024193548387097,2018-12-01
NY,0.9693548387096774,2019-12-01
NY,-1.6129032258064515,2020-12-01
NY,0.051612903225806486,2021-12-01
NY,-1.5161290322580645,2022-12-01
ON,-14.485537634408603,2018-01-01
ON,-14.915322580645162,2019-01-01
ON,-8.808064516129033,2020-01-01
ON,-6.548387096774194,2021-01-01
ON,-18.393548387096775,2022-01-01
ON,-13.19107142857143,2018-02-01
ON,-12.686607142857143,2019-02-01
ON,-8.66551724137931,2020-02-01
ON,-11.317857142857141,2021-02-01
ON,-17.22142857142857,2022-02-01
ON,-6.269086021505377,2018-03-01
ON,-6.643602150537635,2019-03-01
ON,-1.0951612903225805,2020-03-01
ON,-1.643548387096774,2021-03-01
ON,-6.854838709677419,2022-03-01
ON,-1.7476666666666667,2018-04-01
ON,1.282,2019-04-01
ON,2.985,2020-04-01
ON,5.2316666666666665,2021-04-01
ON,0.43333333333333335,2022-04-01
ON,11.339516129032258,2018-05-01
ON,8.186290322580644,2019-05-01
ON,10.47258064516129,2020-05-01
ON,11.087096774193547,2021-05-01
ON,8.558064516129033,2022-05-01
ON,16.648,2018-06-01
ON,14.954166666666667,2019-06-01
ON,16.461666666666666,2020-06-01
ON,18.503333333333334,2021-06-01
ON,13.82,2022-06-01
ON,20.304193548387094,2018-07-01
ON,19.87741935483871,2019-07-01
ON,21.966129032258067,2020-07-01
ON,19.216129032258067,2021-07-01
ON,17.51290322580645,2022-07-01
ON,18.801290322580645,2018-08-01
ON,17.649032258064516,2019-08-01
ON,19.30322580645161,2020-08-01
ON,20.433870967741935,2021-08-01
ON,17.93548387096774,2022-08-01
ON,13.009333333333334,2018-09-01
ON,12.201666666666666,2019-09-01
ON,13.358333333333333,2020-09-01
ON,14.905000000000001,2021-09-01
ON,12.3,2022-09-01
ON,4.340645161290323,2018-10-01
ON,5.956451612903226,2019-10-01
ON,5.577419354838709,2020-10-01
ON,9.745161290322581,2021-10-01
ON,7.12,2022-10-01
ON,-4.442666666666667,2018-11-01
ON,-5.460277777777778,2019-11-01
ON,2.4066666666666667,2020-11-01
ON,-0.2833333333333333,2021-11-01
ON,-1.2166666666666666,2022-11-01
ON,-8.087741935483871,2018-12-01
ON,-11.270430107526881,2019-12-01
ON,-4.83225806451613,2020-12-01
ON,-9.76774193548387,2021-12-01
ON,-9.567741935483872,2022-12-01
OR,1.7880184331797235,2018-01-01
OR,0.7529953917050692,2019-01-01
OR,0.9150537634408602,2020-01-01
OR,0.5612903225806453,2021-01-01
OR,0.21075268817204304,2022-01-01
OR,-0.5147959183673468,2018-02-01
OR,-3.1086734693877554,2019-02-01
OR,0.9080459770114943,2020-02-01
OR,0.17976190476190476,2021-02-01
OR,0.7607142857142856,2022-02-01
OR,2.004608294930876,2018-03-01
OR,1.191705069124424,2019-03-01
OR,2.1698924731182796,2020-03-01
OR,2.20752688172043,2021-03-01
OR,3.9795698924731187,2022-03-01
OR,5.7,2018-04-01
OR,6.2214285714285715,2019-04-01
OR,6.553333333333333,2020-04-01
OR,6.804444444444444,2021-04-01
OR,3.118888888888889,2022-04-01
OR,12.027188940092167,2018-05-01
OR,10.490322580645161,2019-05-01
OR,10.1247311827957,2020-05-01
OR,9.148387096774194,2021-05-01
OR,7.435483870967742,2022-05-01
OR,13.768095238095238,2018-06-01
OR,14.181428571428572,2019-06-01
OR,13.051111111111112,2020-06-01
OR,15.506666666666666,2021-06-01
OR,13.194444444444445,2022-06-01
OR,20.084331797235023,2018-07-01
OR,17.24009216589862,2019-07-01
OR,17.51075268817204,2020-07-01
OR,16.403225806451612,2021-07-01
OR,19.401075268817202,2022-07-01
OR,18.53410138248848,2018-08-01
OR,18.691167434715823,2019-08-01
OR,17.811827956989244,2020-08-01
OR,15.761290322580646,2021-08-01
OR,20.01290322580645,2022-08-01
OR,13.097619047619048,2018-09-01
OR,12.115714285714287,2019-09-01
OR,15.428888888888888,2020-09-01
OR,13.073333333333332,2021-09-01
OR,15.24111111111111,2022-09-01
OR,8.29447004608295,2018-10-01
OR,5.023963133640553,2019-10-01
OR,8.950537634408601,2020-10-01
OR,7.145161290322581,2021-10-01
OR,10.98709677419355,2022-10-01
OR,2.9885714285714284,2018-11-01
OR,3.6966666666666668,2019-11-01
OR,1.9955555555555555,2020-11-01
OR,6.1899999999999995,2021-11-01
OR,-0.44444444444444453,2022-11-01
OR,-0.8548387096774194,2018-12-01
OR,0.5451612903225806,2019-12-01
OR,0.210752688172043,2020-12-01
OR,1.4172413793103449,2021-12-01
OR,-1.9290322580645163,2022-12-01
PA,0.7032258064516128,2020-01-01
PA,-0.5096774193548387,2021-01-01
PA,-4.448387096774193,2022-01-01
PA,1.386206896551724,2020-02-01
PA,-1.9392857142857143,2021-02-01
PA,-0.5107142857142857,2022-02-01
PA,6.5,2020-03-01
PA,5.858064516129032,2021-03-01
PA,5.125806451612903,2022-03-01
PA,8.343333333333334,2020-04-01
PA,10.823333333333332,2021-04-01
PA,9.633333333333333,2022-04-01
PA,14.951612903225806,2020-05-01
PA,15.229032258064517,2021-05-01
PA,17.106451612903225,2022-05-01
PA,20.903333333333332,2020-06-01
PA,21.783333333333335,2021-06-01
PA,20.95,2022-06-01
PA,25.05483870967742,2020-07-01
PA,22.70967741935484,2021-07-01
PA,24.425806451612903,2022-07-01
PA,23.548387096774192,2020-08-01
PA,23.40967741935484,2021-08-01
PA,23.129032258064516,2022-08-01
PA,18.13,2020-09-01
PA,18.66,2021-09-01
PA,18.066666666666666,2022-09-01
PA,12.270967741935483,2020-10-01
PA,14.899999999999999,2021-10-01
PA,10.587096774193547,2022-10-01
PA,7.203333333333333,2020-11-01
PA,4.46,2021-11-01
PA,6.846666666666667,2022-11-01
PA,0.8193548387096774,2020-12-01
PA,3.383870967741936,2021-12-01
PA,-0.0064516129032258125,2022-12-01
QC,-11.941351766513057,2018-01-01
QC,-13.528942652329748,2019-01-01
QC,-10.417571684587813,2020-01-01
QC,-8.930498533724341,2021-01-01
QC,-17.167360703812314,2022-01-01
QC,-7.900765306122449,2018-02-01
QC,-12.467261904761907,2019-02-01
QC,-10.607137383689107,2020-02-01
QC,-10.666266233766233,2021-02-01
QC,-13.07077922077922,2022-02-01
QC,-2.8097670250896054,2018-03-01
QC,-6.39426523297491,2019-03-01
QC,-4.62100358422939,2020-03-01
QC,-3.970791788856305,2021-03-01
QC,-5.407663734115347,2022-03-01
QC,0.11578703703703708,2018-04-01
QC,1.4921230158730159,2019-04-01
QC,0.8672222222222222,2020-04-01
QC,4.98825925925926,2021-04-01
QC,2.246757575757576,2022-04-01
QC,9.288914490527395,2018-05-01
QC,8.401497695852534,2019-05-01
QC,9.084229390681003,2020-05-01
QC,10.247393287715868,2021-05-01
QC,11.240146627565982,2022-05-01
QC,14.120952380952382,2018-06-01
QC,14.2675,2019-06-01
QC,15.897444444444444,2020-06-01
QC,16.807306397306398,2021-06-01
QC,15.518537878787878,2022-06-01
QC,19.79569892473118,2018-07-01
QC,18.865149769585255,2019-07-01
QC,20.870556021039892,2020-07-01
QC,17.247794069729554,2021-07-01
QC,18.86293255131965,2022-07-01
QC,18.709158986175115,2018-08-01
QC,17.34400921658986,2019-08-01
QC,17.852711795373086,2020-08-01
QC,19.671436950146624,2021-08-01
QC,18.217976539589444,2022-08-01
QC,12.85390873015873,2018-09-01
QC,11.571964285714285,2019-09-01
QC,12.162752525252525,2020-09-01
QC,13.873545454545454,2021-09-01
QC,13.052666666666665,2022-09-01
QC,3.8894265232974905,2018-10-01
QC,6.773963133640553,2019-10-01
QC,5.510964483545129,2020-10-01
QC,9.406256109481918,2021-10-01
QC,7.945987292277615,2022-10-01
QC,-3.1143320105820105,2018-11-01
QC,-2.997321428571429,2019-11-01
QC,1.6192727272727272,2020-11-01
QC,0.06784848484848487,2021-11-01
QC,0.12503703703703703,2022-11-01
QC,-8.531899641577061,2018-12-01
QC,-7.7453917050691246,2019-12-01
QC,-5.345777126099707,2020-12-01
QC,-6.849139784946236,2021-12-01
QC,-4.322831541218639,2022-12-01
RI,2.229032258064516,2020-01-01
RI,0.10967741935483867,2021-01-01
RI,-1.7903225806451613,2022-01-01
RI,2.3689655172413793,2020-02-01
RI,0.18214285714285713,2021-02-01
RI,1.092857142857143,2022-02-01
RI,6.403225806451613,2020-03-01
RI,5.029032258064516,2021-03-01
RI,5.519354838709678,2022-03-01
RI,7.3966666666666665,2020-04-01
RI,10.120000000000001,2021-04-01
RI,10.29,2022-04-01
RI,14.238709677419356,2020-05-01
RI,15.483870967741936,2021-05-01
RI,15.925806451612903,2022-05-01
RI,20.866666666666667,2020-06-01
RI,21.996666666666666,2021-06-01
RI,19.993333333333332,2022-06-01
RI,24.793548387096774,2020-07-01
RI,22.416129032258063,2021-07-01
RI,24.993548387096773,2022-07-01
RI,23.729032258064517,2020-08-01
RI,23.932258064516127,2021-08-01
RI,24.383870967741935,2022-08-01
RI,18.92,2020-09-01
RI,20.366666666666667,2021-09-01
RI,18.34,2022-09-01
RI,13.05483870967742,2020-10-01
RI,15.26774193548387,2021-10-01
RI,12.935483870967742,2022-10-01
RI,9.206666666666667,2020-11-01
RI,6.8933333333333335,2021-11-01
RI,8.860000000000001,2022-11-01
RI,2.519354838709677,2020-12-01
RI,4.409677419354838,2021-12-01
RI,2.206451612903226,2022-12-01
SC,12.906451612903227,2020-01-01
SC,10.758064516129032,2021-01-01
SC,9.738709677419354,2022-01-01
SC,13.200000000000001,2020-02-01
SC,11.4,2021-02-01
SC,13.667857142857143,2022-02-01
SC,18.81935483870968,2020-03-01
SC,16.3,2021-03-01
SC,17.164516129032258,2022-03-01
SC,19.523333333333333,2020-04-01
SC,18.004166666666666,2021-04-01
SC,19.34,2022-04-01
SC,22.312903225806455,2020-05-01
SC,24.15806451612903,2022-05-01
SC,25.39,2020-06-01
SC,27.003333333333334,2022-06-01
SC,27.77741935483871,2020-07-01
SC,27.951612903225808,2022-07-01
SC,26.993548387096773,2020-08-01
SC,26.858064516129033,2022-08-01
SC,24.366666666666667,2020-09-01
SC,24.416666666666668,2022-09-01
SC,18.483333333333334,2020-10-01
SC,18.635483870967743,2022-10-01
SC,16.5,2022-11-01
SC,10.136000000000001,2020-12-01
SC,11.109677419354838,2022-12-01
SD,-3.9129032258064513,2018-01-01
SD,-3.575806451612903,2019-01-01
SD,-1.558064516129032,2020-01-01
SD,-1.6983870967741934,2021-01-01
SD,-1.6661290322580644,2022-01-01
SD,-8.403571428571428,2018-02-01
SD,-11.737499999999999,2019-02-01
SD,-2.9465517241379313,2020-02-01
SD,-9.275,2021-02-01
SD,-4.1875,2022-02-01
SD,0.9354838709677418,2018-03-01
SD,-1.8612903225806452,2019-03-01
SD,1.6161290322580646,2020-03-01
SD,2.917741935483871,2021-03-01
SD,1.261290322580645,2022-03-01
SD,3.885,2018-04-01
SD,7.283333333333333,2019-04-01
SD,3.9566666666666666,2020-04-01
SD,3.1791666666666667,2021-04-01
SD,3.006666666666667,2022-04-01
SD,16.787096774193547,2018-05-01
SD,10.14516129032258,2019-05-01
SD,10.096774193548388,2020-05-01
SD,10.02258064516129,2022-05-01
SD,20.361666666666668,2018-06-01
SD,19.163333333333334,2019-06-01
SD,18.498333333333335,2020-06-01
SD,16.904999999999998,2022-06-01
SD,23.041935483870965,2018-07-01
SD,22.351612903225806,2019-07-01
SD,20.648387096774194,2020-07-01
SD,21.970967741935485,2022-07-01
SD,21.783870967741933,2018-08-01
SD,20.693548387096776,2019-08-01
SD,21.074193548387097,2020-08-01
SD,21.511290322580646,2022-08-01
SD,16.473333333333333,2018-09-01
SD,18.063333333333333,2019-09-01
SD,14.546666666666665,2020-09-01
SD,17.565,2022-09-01
SD,7.304838709677419,2018-10-01
SD,4.683870967741935,2019-10-01
SD,4.941935483870967,2020-10-01
SD,8.33548387096774,2022-10-01
SD,1.2366666666666666,2018-11-01
SD,1.4916666666666667,2019-11-01
SD,4.151666666666666,2020-11-01
SD,-1.6699999999999997,2022-11-01
SD,-1.2733333333333334,2018-12-01
SD,-1.1387096774193548,2019-12-01
SD,-0.0887096774193549,2020-12-01
SD,-5.532258064516129,2022-12-01
SK,-12.867347670250897,2018-01-01
SK,-12.736129032258065,2019-01-01
SK,-14.520645161290322,2020-01-01
SK,-11.288387096774194,2021-01-01
SK,-16.888387096774192,2022-01-01
SK,-17.64345238095238,2018-02-01
SK,-22.888214285714287,2019-02-01
SK,-11.982758620689655,2020-02-01
SK,-19.112142857142857,2021-02-01
SK,-17.121607142857144,2022-02-01
SK,-7.844285714285714,2018-03-01
SK,-5.819139784946237,2019-03-01
SK,-6.694516129032258,2020-03-01
SK,-2.721935483870968,2021-03-01
SK,-6.96,2022-03-01
SK,-0.9005555555555557,2018-04-01
SK,3.694666666666667,2019-04-01
SK,-0.3020000000000001,2020-04-01
SK,2.12,2021-04-01
SK,-0.1556666666666666,2022-04-01
SK,13.676989247311829,2018-05-01
SK,8.310322580645161,2019-05-01
SK,9.104354838709678,2020-05-01
SK,8.059193548387096,2021-05-01
SK,9.45,2022-05-01
SK,16.37546127946128,2018-06-01
SK,15.018814814814816,2019-06-01
SK,14.910666666666666,2020-06-01
SK,17.007833333333334,2021-06-01
SK,15.538333333333332,2022-06-01
SK,18.066594982078854,2018-07-01
SK,17.26186379928315,2019-07-01
SK,18.330322580645163,2020-07-01
SK,20.431612903225805,2021-07-01
SK,18.890967741935484,2022-07-01
SK,17.149354838709677,2018-08-01
SK,15.749247311827958,2019-08-01
SK,17.67032258064516,2020-08-01
SK,17.563870967741938,2021-08-01
SK,19.003387096774194,2022-08-01
SK,7.633043771043771,2018-09-01
SK,11.438407407407407,2019-09-01
SK,10.698666666666666,2020-09-01
SK,13.560333333333334,2021-09-01
SK,14.229666666666667,2022-09-01
SK,2.263594004561747,2018-10-01
SK,1.2016129032258065,2019-10-01
SK,0.5085483870967742,2020-10-01
SK,5.887419354838709,2021-10-01
SK,5.750806451612903,2022-10-01
SK,-6.503060606060606,2018-11-01
SK,-5.724407407407408,2019-11-01
SK,-6.997,2020-11-01
SK,-3.2744444444444443,2021-11-01
SK,-8.519277777777779,2022-11-01
SK,-8.97674486803519,2018-12-01
SK,-10.650322580645161,2019-12-01
SK,-10.358709677419355,2020-12-01
SK,-17.20725806451613,2021-12-01
SK,-18.462903225806453,2022-12-01
TN,0.7838709677419355,2018-01-01
TN,3.3225806451612905,2019-01-01
TN,9.489285714285714,2018-02-01
TN,8.471428571428572,2019-02-01
TN,8.183870967741935,2018-03-01
TN,8.470967741935485,2019-03-01
TN,12.163333333333332,2018-04-01
TN,15.883333333333333,2019-04-01
TN,21.470967741935485,2018-05-01
TN,20.94516129032258,2019-05-01
TN,23.209999999999997,2018-06-01
TN,22.03666666666667,2019-06-01
TN,23.816129032258065,2018-07-01
TN,24.364516129032257,2019-07-01
TN,23.283870967741933,2018-08-01
TN,24.125806451612902,2019-08-01
TN,22.706666666666667,2018-09-01
TN,25.05,2019-09-01
TN,15.641935483870967,2018-10-01
TN,16.725806451612904,2019-10-01
TN,6.386666666666667,2018-11-01
TN,7.693333333333333,2019-11-01
TN,5.612903225806452,2018-12-01
TN,7.503225806451613,2019-12-01
TX,7.585483870967742,2018-01-01
TX,9.85483870967742,2019-01-01
TX,13.925806451612903,2020-01-01
TX,11.3,2021-01-01
TX,10.441935483870967,2022-01-01
TX,13.726785714285715,2018-02-01
TX,13.049999999999999,2019-02-01
TX,13.358620689655172,2020-02-01
TX,8.696428571428571,2021-02-01
TX,9.796428571428573,2022-02-01
TX,17.20483870967742,2018-03-01
TX,14.351612903225806,2019-03-01
TX,20.516129032258064,2020-03-01
TX,17.438709677419357,2021-03-01
TX,16.2,2022-03-01
TX,18.595000000000002,2018-04-01
TX,19.311666666666667,2019-04-01
TX,20.16,2020-04-01
TX,19.596666666666668,2021-04-01
TX,22.413333333333334,2022-04-01
TX,25.42258064516129,2018-05-01
TX,23.225806451612904,2019-05-01
TX,24.29032258064516,2020-05-01
TX,23.76451612903226,2021-05-01
TX,27.006451612903227,2022-05-01
TX,28.773333333333333,2018-06-01
TX,26.46,2019-06-01
TX,27.626666666666665,2020-06-01
TX,27.84333333333333,2021-06-01
TX,30.486666666666668,2022-06-01
TX,28.406451612903226,2018-07-01
TX,27.86774193548387,2019-07-01
TX,29.429032258064513,2020-07-01
TX,27.84193548387097,2021-07-01
TX,32.1,2022-07-01
TX,27.879032258064516,2018-08-01
TX,29.05322580645161,2019-08-01
TX,29.861290322580647,2020-08-01
TX,29.070967741935487,2021-08-01
TX,29.92258064516129,2022-08-01
TX,24.071666666666665,2018-09-01
TX,27.23166666666667,2019-09-01
TX,25.066666666666666,2020-09-01
TX,26.970000000000002,2021-09-01
TX,27.15,2022-09-01
TX,19.94193548387097,2018-10-01
TX,19.938709677419357,2019-10-01
TX,21.12258064516129,2020-10-01
TX,23.296774193548387,2021-10-01
TX,21.73225806451613,2022-10-01
TX,12.106666666666666,2018-11-01
TX,13.463333333333333,2019-11-01
TX,18.523333333333333,2020-11-01
TX,15.979999999999999,2021-11-01
TX,15.213333333333335,2022-11-01
TX,10.569354838709677,2018-12-01
TX,11.65967741935484,2019-12-01
TX,11.80967741935484,2020-12-01
TX,18.65806451612903,2021-12-01
TX,12.86774193548387,2022-12-01
UT,-0.3064516129032258,2018-01-01
UT,-3.2052785923753664,2019-01-01
UT,-3.941705069124424,2020-01-01
UT,-4.195285359801489,2021-01-01
UT,-3.6850230414746545,2022-01-01
UT,-2.5698051948051948,2018-02-01
UT,-4.331818181818182,2019-02-01
UT,-4.142004547176961,2020-02-01
UT,-3.5160714285714287,2021-02-01
UT,-4.741326530612246,2022-02-01
UT,1.1580645161290324,2018-03-01
UT,0.5583577712609972,2019-03-01
UT,0.9117511520737327,2020-03-01
UT,-0.2746543778801843,2021-03-01
UT,0.7794930875576038,2022-03-01
UT,6.094848484848485,2018-04-01
UT,5.538484848484848,2019-04-01
UT,4.454761904761905,2020-04-01
UT,3.9355311355311358,2021-04-01
UT,3.7173809523809522,2022-04-01
UT,10.769794721407624,2018-05-01
UT,6.518973607038124,2019-05-01
UT,10.749326479971641,2020-05-01
UT,6.702764976958525,2021-05-01
UT,8.22442396313364,2022-05-01
UT,17.119606060606063,2018-06-01
UT,13.733333333333333,2019-06-01
UT,14.235238095238095,2020-06-01
UT,14.515714285714287,2021-06-01
UT,15.656904761904762,2022-06-01
UT,20.257478005865103,2018-07-01
UT,19.076539589442817,2019-07-01
UT,19.483179723502303,2020-07-01
UT,16.47953917050691,2021-07-01
UT,20.019354838709678,2022-07-01
UT,18.310850439882696,2018-08-01
UT,18.876539589442817,2019-08-01
UT,20.442201347040058,2020-08-01
UT,13.64147465437788,2021-08-01
UT,18.052764976958525,2022-08-01
UT,15.53530303030303,2018-09-01
UT,13.358484848484848,2019-09-01
UT,13.95657142857143,2020-09-01
UT,10.558095238095238,2021-09-01
UT,15.135476190476192,2022-09-01
UT,5.359237536656891,2018-10-01
UT,3.5319648093841645,2019-10-01
UT,7.896082949308756,2020-10-01
UT,3.0276497695852536,2021-10-01
UT,6.799308755760368,2022-10-01
UT,-0.0993939393939394,2018-11-01
UT,1.9912121212121212,2019-11-01
UT,0.44809523809523816,2020-11-01
UT,1.2751587301587302,2021-11-01
UT,-3.3595238095238096,2022-11-01
UT,-3.5407624633431087,2018-12-01
UT,-2.635190615835777,2019-12-01
UT,-4.639064161644806,2020-12-01
UT,-4.469124423963134,2021-12-01
UT,-4.6808755760368665,2022-12-01
VA,1.5322580645161288,2018-01-01
VA,4.219354838709678,2019-01-01
VA,4.006451612903226,2020-01-01
VA,1.8032258064516131,2021-01-01
VA,-0.10806451612903235,2022-01-01
VA,7.946428571428571,2018-02-01
VA,6.057142857142857,2019-02-01
VA,5.23103448275862,2020-02-01
VA,1.8499999999999999,2021-02-01
VA,4.305357142857143,2022-02-01
VA,6.054838709677419,2018-03-01
VA,7.34516129032258,2019-03-01
VA,10.812903225806451,2020-03-01
VA,9.37258064516129,2021-03-01
VA,9.719354838709679,2022-03-01
VA,11.816666666666666,2018-04-01
VA,15.333333333333334,2019-04-01
VA,11.593333333333334,2020-04-01
VA,13.403333333333334,2021-04-01
VA,13.175,2022-04-01
VA,20.6,2018-05-01
VA,20.68064516129032,2019-05-01
VA,15.23225806451613,2020-05-01
VA,18.26774193548387,2021-05-01
VA,18.280645161290323,2022-05-01
VA,23.96333333333333,2018-06-01
VA,24.626666666666665,2019-06-01
VA,21.3,2020-06-01
VA,23.58,2021-06-01
VA,22.491666666666667,2022-06-01
VA,25.822580645161292,2018-07-01
VA,27.25483870967742,2019-07-01
VA,25.46935483870968,2020-07-01
VA,25.65806451612903,2021-07-01
VA,24.141935483870967,2022-07-01
VA,26.822580645161292,2018-08-01
VA,25.683870967741935,2019-08-01
VA,22.940322580645162,2020-08-01
VA,25.648387096774194,2021-08-01
VA,22.491935483870968,2022-08-01
VA,24.976666666666667,2018-09-01
VA,22.92,2019-09-01
VA,18.355,2020-09-01
VA,21.676666666666666,2021-09-01
VA,18.961666666666666,2022-09-01
VA,17.480645161290322,2018-10-01
VA,17.103225806451615,2019-10-01
VA,14.69032258064516,2020-10-01
VA,17.403225806451612,2021-10-01
VA,11.930645161290323,2022-10-01
VA,9.886666666666667,2018-11-01
VA,7.36,2019-11-01
VA,10.53,2020-11-01
VA,8.053333333333333,2021-11-01
VA,8.92,2022-11-01
VA,7.003225806451613,2018-12-01
VA,6.180645161290323,2019-12-01
VA,3.320967741935484,2020-12-01
VA,9.170967741935485,2021-12-01
VA,2.346774193548387,2022-12-01
VT,-6.990322580645161,2018-01-01
VT,-8.2,2019-01-01
VT,-1.0392857142857144,2018-02-01
VT,-5.310714285714285,2019-02-01
VT,-0.4548387096774193,2018-03-01
VT,-0.4129032258064516,2019-03-01
VT,4.423333333333333,2018-04-01
VT,6.913333333333333,2019-04-01
VT,16.42258064516129,2018-05-01
VT,12.583870967741936,2019-05-01
VT,18.69333333333333,2018-06-01
VT,18.626666666666665,2019-06-01
VT,24.048387096774192,2018-07-01
VT,23.44516129032258,2019-07-01
VT,22.73548387096774,2018-08-01
VT,20.529032258064515,2019-08-01
VT,17.936666666666667,2018-09-01
VT,16.063333333333333,2019-09-01
VT,8.503225806451614,2018-10-01
VT,10.432258064516128,2019-10-01
VT,0.7966666666666666,2018-11-01
VT,0.22,2019-11-01
VT,-2.7838709677419353,2018-12-01
VT,-2.5612903225806454,2019-12-01
WA,0.6602150537634409,2018-01-01
WA,0.42365591397849467,2019-01-01
WA,1.221658986175115,2020-01-01
WA,1.3419354838709678,2021-01-01
WA,1.5483102918586789,2022-01-01
WA,-0.5166666666666666,2018-02-01
WA,-3.905952380952381,2019-02-01
WA,1.119704433497537,2020-02-01
WA,-0.9894557823129252,2021-02-01
WA,1.2534863945578232,2022-02-01
WA,2.7774193548387096,2018-03-01
WA,1.9666666666666668,2019-03-01
WA,2.034562211981567,2020-03-01
WA,2.6184331797235023,2021-03-01
WA,3.585867895545315,2022-03-01
WA,6.48,2018-04-01
WA,7.0344444444444445,2019-04-01
WA,5.816666666666666,2020-04-01
WA,6.2004761904761905,2021-04-01
WA,2.666190476190476,2022-04-01
WA,14.100000000000001,2018-05-01
WA,12.970967741935485,2019-05-01
WA,9.26221198156682,2020-05-01
WA,8.618894009216591,2021-05-01
WA,6.249308755760369,2022-05-01
WA,14.256666666666666,2018-06-01
WA,14.953333333333335,2019-06-01
WA,11.386190476190476,2020-06-01
WA,15.243714285714285,2021-06-01
WA,11.448095238095238,2022-06-01
WA,20.521505376344084,2018-07-01
WA,17.444086021505377,2019-07-01
WA,15.522811059907834,2020-07-01
WA,17.373870967741937,2021-07-01
WA,17.291705069124422,2022-07-01
WA,19.168817204301074,2018-08-01
WA,19.087096774193547,2019-08-01
WA,15.708294930875576,2020-08-01
WA,15.830568356374807,2021-08-01
WA,18.45652841781874,2022-08-01
WA,13.257777777777779,2018-09-01
WA,12.879999999999999,2019-09-01
WA,14.752857142857144,2020-09-01
WA,12.41952380952381,2021-09-01
WA,14.461428571428572,2022-09-01
WA,8.481720430107528,2018-10-01
WA,5.137634408602151,2019-10-01
WA,8.04147465437788,2020-10-01
WA,6.568663594470046,2021-10-01
WA,11.11021505376344,2022-10-01
WA,2.896666666666667,2018-11-01
WA,2.8944444444444444,2019-11-01
WA,3.009047619047619,2020-11-01
WA,4.237380952380952,2021-11-01
WA,0.47761904761904767,2022-11-01
WA,-0.36666666666666664,2018-12-01
WA,0.44408602150537635,2019-12-01
WA,1.521136712749616,2020-12-01
WA,-1.3036482334869433,2021-12-01
WA,-1.405069124423963,2022-12-01
WV,-3.0516129032258066,2018-01-01
WV,-1.3387096774193548,2019-01-01
WV,4.645161290322581,2020-01-01
WV,1.558064516129032,2021-01-01
WV,-0.532258064516129,2022-01-01
WV,5.6499999999999995,2018-02-01
WV,3.439285714285714,2019-02-01
WV,4.310344827586207,2020-02-01
WV,0.2285714285714285,2021-02-01
WV,3.9892857142857143,2022-02-01
WV,1.606451612903226,2018-03-01
WV,4.15483870967742,2019-03-01
WV,11.203225806451613,2020-03-01
WV,10.451612903225806,2021-03-01
WV,9.741935483870968,2022-03-01
WV,8.01,2018-04-01
WV,12.770000000000001,2019-04-01
WV,11.836666666666668,2020-04-01
WV,12.81,2021-04-01
WV,12.733333333333333,2022-04-01
WV,19.138709677419353,2018-05-01
WV,18.18064516129032,2019-05-01
WV,16.429032258064517,2020-05-01
WV,16.870967741935484,2021-05-01
WV,19.5258064516129,2022-05-01
WV,20.163333333333334,2018-06-01
WV,19.55,2019-06-01
WV,22.246666666666666,2020-06-01
WV,22.783333333333335,2021-06-01
WV,23.013333333333332,2022-06-01
WV,20.845161290322583,2018-07-01
WV,22.41290322580645,2019-07-01
WV,26.03548387096774,2020-07-01
WV,23.87741935483871,2021-07-01
WV,24.570967741935487,2022-07-01
WV,20.751612903225805,2018-08-01
WV,20.97741935483871,2019-08-01
WV,23.603225806451615,2020-08-01
WV,24.306451612903224,2021-08-01
WV,23.47741935483871,2022-08-01
WV,19.93,2018-09-01
WV,19.970000000000002,2019-09-01
WV,19.56,2020-09-01
WV,20.173333333333336,2021-09-01
WV,19.493333333333332,2022-09-01
WV,11.71290322580645,2018-10-01
WV,13.548387096774194,2019-10-01
WV,14.212903225806452,2020-10-01
WV,16.567741935483873,2021-10-01
WV,12.216129032258063,2022-10-01
WV,3.7666666666666666,2018-11-01
WV,3.3233333333333333,2019-11-01
WV,10.276666666666667,2020-11-01
WV,6.930000000000001,2021-11-01
WV,9.116666666666667,2022-11-01
WV,2.0193548387096776,2018-12-01
WV,2.661290322580645,2019-12-01
WV,3.019354838709677,2020-12-01
WV,8.425806451612903,2021-12-01
WV,3.8483870967741933,2022-12-01
WY,-4.905806451612904,2018-01-01
WY,-6.359354838709678,2019-01-01
WY,-5.978709677419355,2020-01-01
WY,-6.245645161290323,2021-01-01
WY,-8.094193548387098,2022-01-01
WY,-8.979285714285714,2018-02-01
WY,-9.242142857142857,2019-02-01
WY,-8.043448275862069,2020-02-01
WY,-8.93,2021-02-01
WY,-10.92732142857143,2022-02-01
WY,-3.6774193548387095,2018-03-01
WY,-5.150322580645161,2019-03-01
WY,-2.390322580645161,2020-03-01
WY,-2.8380645161290325,2021-03-01
WY,-5.146451612903226,2022-03-01
WY,0.62,2018-04-01
WY,0.5359999999999999,2019-04-01
WY,-0.21999999999999992,2020-04-01
WY,-0.056833333333333215,2021-04-01
WY,-2.841833333333333,2022-04-01
WY,6.930322580645162,2018-05-01
WY,2.843225806451613,2019-05-01
WY,6.263870967741935,2020-05-01
WY,5.712903225806452,2021-05-01
WY,2.701774193548387,2022-05-01
WY,11.035333333333334,2018-06-01
WY,8.930666666666667,2019-06-01
WY,10.625833333333333,2020-06-01
WY,14.2275,2021-06-01
WY,9.506666666666666,2022-06-01
WY,15.288387096774194,2018-07-01
WY,14.238064516129032,2019-07-01
WY,14.712258064516128,2020-07-01
WY,16.486021505376343,2021-07-01
WY,14.176129032258064,2022-07-01
WY,13.06,2018-08-01
WY,13.685161290322581,2019-08-01
WY,15.675,2020-08-01
WY,13.649193548387096,2021-08-01
WY,13.560806451612903,2022-08-01
WY,10.126666666666667,2018-09-01
WY,8.832666666666666,2019-09-01
WY,9.624,2020-09-01
WY,10.245000000000001,2021-09-01
WY,10.6975,2022-09-01
WY,1.2038709677419355,2018-10-01
WY,-2.4780645161290322,2019-10-01
WY,2.690806451612903,2020-10-01
WY,1.682258064516129,2021-10-01
WY,3.1548387096774193,2022-10-01
WY,-4.816,2018-11-01
WY,-2.902,2019-11-01
WY,-1.518,2020-11-01
WY,-3.1402777777777775,2021-11-01
WY,-6.202222222222222,2022-11-01
WY,-8.148387096774194,2018-12-01
WY,-6.621290322580645,2019-12-01
WY,-5.630967741935484,2020-12-01
WY,-8.04516129032258,2021-12-01
WY,-8.34489247311828,2022-12-01
YT,-24.67610296513522,2020-01-01
YT,-15.044630172694688,2021-01-01
YT,-19.30830726621049,2022-01-01
YT,-17.706457680250786,2020-02-01
YT,-23.669756493506494,2021-02-01
YT,-16.47654761904762,2022-02-01
YT,-13.202639296187682,2020-03-01
YT,-13.07644183773216,2021-03-01
YT,-10.17199413489736,2022-03-01
YT,-2.556127946127946,2020-04-01
YT,-4.229848484848485,2021-04-01
YT,-5.608944444444445,2022-04-01
YT,7.123005865102639,2020-05-01
YT,4.603761936987744,2021-05-01
YT,4.51149560117302,2022-05-01
YT,11.246604377104378,2020-06-01
YT,12.426252525252526,2021-06-01
YT,11.967260942760943,2022-06-01
YT,13.041080156402737,2020-07-01
YT,14.456767676767678,2021-07-01
YT,13.87642228739003,2022-07-01
YT,11.613375692407951,2020-08-01
YT,11.192096774193548,2021-08-01
YT,12.197375366568915,2022-08-01
YT,6.817373737373738,2020-09-01
YT,5.082572390572391,2021-09-01
YT,6.906245791245791,2022-09-01
YT,-2.7862430759204955,2020-10-01
YT,-1.9471635711958293,2021-10-01
YT,-0.8625171065493645,2022-10-01
YT,-14.449787878787879,2020-11-01
YT,-14.6251531986532,2021-11-01
YT,-11.528631313131314,2022-11-01
YT,-14.16205604431411,2020-12-01
YT,-21.730102639296188,2021-12-01
YT,-20.575097751710658,2022-12-01
